min;id;players;totalRemainingTokens;totalUsedTokens;totalIdeas;totalItems;totalComments;totalIdeasWithBets;playerId;playerRemainingTokens;playerUsedTokens;playerIdeas;playerItems;playerComments;playerVotes;playerTimeSinceAction;playerBestIdeaScore;playerItemUsage;playerIdeaUsage;playerCommentUsage;playercréativité;playerpertinence;playerpersuasion;playeradaptation;rankcréativité;rankpertinence;rankpersuasion;rankadaptation;itemCreationTime;ideaId;ideaOwnerId;ideaCreationTime;ideaDepthMin;ideaDepthMax;ideaItems;ideaComments;PositiveComments;NegativeComments;PositiveProportion;NegativeProportion;NulProportion;ideaVotes;ideaTokens;ideaTokensMax;ideaShortLength;ideaLongLength;ideaParents;ideaParentItems;ideaParentItemsMin;ideaParentItemsMax;ideaParentComments;ideaParentCommentsMin;ideaParentCommentsMax;ideaParentVotes;ideaParentVotesMin;ideaParentVotesMax;ideaParentCreationTimeMin;ideaParentCreationTimeMax;ideaParentItemMean;ideaParentCommentsMean;ideaParentVotesMean;ideaParentCreationTimeMean;ideaHasSameOwnerParent;ideaSameOwnerParents;childrens;commentCreationTime;commentSize;commentRank;voteTokens;voteValence;voteInceptions;voteOutceptions;abstract;ideaGraph
0;1;3;30;0;0;4;0;0;0;0;0;0;0;0;0;0;0;0;0;0;0;0;0;0;0.0;0.0;0.0;0.0;0;1;0;0;0;0;0;0;0;0;0.0;0.0;0.0;0;0;0;23;0;0;0;-1;0;0;-1;0;0;-1;0;-1;0;0.0;0.0;0.0;0.0;false;0;0;0;0;0;0;0;0;0;Information (id=8): null by playerName0 (id=2) scores{ créativité 0.0 pertinence 0.0 persuasion 0.0 adaptation 0.0 };[[1]]
3;1;14;140;0;2;4;0;0;0;0;0;0;0;0;0;0;0;0;0;0;0;0;0;0;0.0;0.0;0.0;0.0;0;1;0;0;0;0;0;0;0;0;0.0;0.0;0.0;0;0;0;23;0;0;0;-1;0;0;-1;0;0;-1;0;-1;0;0.0;0.0;0.0;0.0;false;0;2;0;0;0;0;0;0;0;idea 1 (id=21) items: { }, parents: { 1 } by playerName3 (id=9) scores{ créativité 0.0 pertinence 0.0 persuasion 0.0 adaptation 0.0 };[]
3;20;14;140;0;2;4;0;0;0;0;0;0;0;0;0;0;0;0;0;0;0;0;0;0;0.0;0.0;0.0;0.0;0;20;13;232;1;1;1;0;0;0;0.0;0.0;0.0;0;0;0;9;76;2;0;0;0;0;0;0;0;0;0;1057196861;1057196861;0.0;0.0;0.0;5.285984305E8;false;0;0;0;0;0;0;0;0;0;idea 1 (id=21) items: { }, parents: { 1 } by playerName3 (id=9) scores{ créativité 0.0 pertinence 0.0 persuasion 0.0 adaptation 0.0 };[[20]:[20:1:1:3]:[20:13:1:3]]
3;21;14;140;0;2;4;0;0;0;0;0;0;0;0;0;0;0;0;0;0;0;0;0;0;0.0;0.0;0.0;0.0;0;21;9;232;1;1;0;0;0;0;0.0;0.0;0.0;0;0;0;6;68;2;0;0;0;0;0;0;0;0;0;1057196861;1057196861;0.0;0.0;0.0;5.285984305E8;false;0;0;0;0;0;0;0;0;0;idea 1 (id=21) items: { }, parents: { 1 } by playerName3 (id=9) scores{ créativité 0.0 pertinence 0.0 persuasion 0.0 adaptation 0.0 };[[21]:[21:9:1:3]:[21:20:1:3]]
4;1;14;131;9;5;4;4;0;0;0;0;0;0;0;0;0;0;0;0;0;0;0;0;0;0.0;0.0;0.0;0.0;0;1;0;0;0;0;0;0;0;0;0.0;0.0;0.0;0;0;0;23;0;0;0;-1;0;0;-1;0;0;-1;0;-1;0;0.0;0.0;0.0;0.0;false;0;5;0;0;0;0;0;0;0;idea 4 (id=28) items: { 4 }, parents: { 1 } by Danny (id=17) scores{ créativité 0.0 pertinence 0.0 persuasion 0.0 adaptation 0.0 };[]
4;20;14;131;9;5;4;4;0;0;0;0;0;0;0;0;0;0;0;0;0;0;0;0;0;0.0;0.0;0.0;0.0;0;20;13;232;1;1;1;0;0;0;0.0;0.0;0.0;0;0;0;9;76;2;0;0;0;0;0;0;0;0;0;1057196861;1057196861;0.0;0.0;0.0;5.285984305E8;false;0;0;0;0;0;0;0;0;0;idea 4 (id=28) items: { 4 }, parents: { 1 } by Danny (id=17) scores{ créativité 0.0 pertinence 0.0 persuasion 0.0 adaptation 0.0 };[]
4;21;14;131;9;5;4;4;0;0;0;0;0;0;0;0;0;0;0;0;0;0;0;0;0;0.0;0.0;0.0;0.0;0;21;9;232;1;1;0;2;1;0;0.5;0.0;0.5;2;4;4;6;68;2;0;0;0;0;0;0;0;0;0;1057196861;1057196861;0.0;0.0;0.0;5.285984305E8;false;0;0;0;0;0;0;0;0;0;idea 4 (id=28) items: { 4 }, parents: { 1 } by Danny (id=17) scores{ créativité 0.0 pertinence 0.0 persuasion 0.0 adaptation 0.0 };[]
4;22;14;131;9;5;4;4;0;0;0;0;0;0;0;0;0;0;0;0;0;0;0;0;0;0.0;0.0;0.0;0.0;0;22;7;245;1;1;1;2;0;0;0.0;0.0;1.0;2;5;5;18;74;2;0;0;0;0;0;0;0;0;0;1057196861;1057196861;0.0;0.0;0.0;5.285984305E8;false;0;0;0;0;0;0;0;0;0;idea 4 (id=28) items: { 4 }, parents: { 1 } by Danny (id=17) scores{ créativité 0.0 pertinence 0.0 persuasion 0.0 adaptation 0.0 };[[22]:[22:1:1:4]:[22:7:1:4]]
4;24;14;131;9;5;4;4;0;0;0;0;0;0;0;0;0;0;0;0;0;0;0;0;0;0.0;0.0;0.0;0.0;0;24;14;276;1;1;1;0;0;0;0.0;0.0;0.0;0;0;0;6;25;2;0;0;0;0;0;0;0;0;0;1057196861;1057196861;0.0;0.0;0.0;5.285984305E8;false;0;0;0;0;0;0;0;0;0;idea 4 (id=28) items: { 4 }, parents: { 1 } by Danny (id=17) scores{ créativité 0.0 pertinence 0.0 persuasion 0.0 adaptation 0.0 };[[24]:[24:22:1:4]:[24:14:1:4]]
4;28;14;131;9;5;4;4;0;0;0;0;0;0;0;0;0;0;0;0;0;0;0;0;0;0.0;0.0;0.0;0.0;0;28;17;299;1;1;1;0;0;0;0.0;0.0;0.0;0;0;0;6;50;2;0;0;0;0;0;0;0;0;0;1057196861;1057196861;0.0;0.0;0.0;5.285984305E8;false;0;0;0;0;0;0;0;0;0;idea 4 (id=28) items: { 4 }, parents: { 1 } by Danny (id=17) scores{ créativité 0.0 pertinence 0.0 persuasion 0.0 adaptation 0.0 };[[28]:[28:21:1:4]:[28:17:1:4]]
5;1;14;123;17;8;4;7;0;0;0;0;0;0;0;0;0;0;0;0;0;0;0;0;0;0.0;0.0;0.0;0.0;0;1;0;0;0;0;0;0;0;0;0.0;0.0;0.0;0;0;0;23;0;0;0;-1;0;0;-1;0;0;-1;0;-1;0;0.0;0.0;0.0;0.0;false;0;7;0;0;0;0;0;0;0;idea 6 (id=34) items: { }, parents: { 21 } by playerName3 (id=9) scores{ créativité 0.0 pertinence 0.0 persuasion 0.0 adaptation 0.0 };[]
5;20;14;123;17;8;4;7;0;0;0;0;0;0;0;0;0;0;0;0;0;0;0;0;0;0.0;0.0;0.0;0.0;0;20;13;232;1;1;1;0;0;0;0.0;0.0;0.0;0;0;0;9;76;2;0;0;0;0;0;0;0;0;0;1057196861;1057196861;0.0;0.0;0.0;5.285984305E8;false;0;0;0;0;0;0;0;0;0;idea 6 (id=34) items: { }, parents: { 21 } by playerName3 (id=9) scores{ créativité 0.0 pertinence 0.0 persuasion 0.0 adaptation 0.0 };[]
5;21;14;123;17;8;4;7;0;0;0;0;0;0;0;0;0;0;0;0;0;0;0;0;0;0.0;0.0;0.0;0.0;0;21;9;232;1;1;0;2;1;0;0.5;0.0;0.5;2;4;4;6;68;2;0;0;0;0;0;0;0;0;0;1057196861;1057196861;0.0;0.0;0.0;5.285984305E8;false;0;1;0;0;0;0;0;0;0;idea 6 (id=34) items: { }, parents: { 21 } by playerName3 (id=9) scores{ créativité 0.0 pertinence 0.0 persuasion 0.0 adaptation 0.0 };[]
5;22;14;123;17;8;4;7;0;0;0;0;0;0;0;0;0;0;0;0;0;0;0;0;0;0.0;0.0;0.0;0.0;0;22;7;245;1;1;1;2;0;0;0.0;0.0;1.0;2;5;5;18;74;2;0;0;0;0;0;0;0;0;0;1057196861;1057196861;0.0;0.0;0.0;5.285984305E8;false;0;0;0;0;0;0;0;0;0;idea 6 (id=34) items: { }, parents: { 21 } by playerName3 (id=9) scores{ créativité 0.0 pertinence 0.0 persuasion 0.0 adaptation 0.0 };[]
5;24;14;123;17;8;4;7;0;0;0;0;0;0;0;0;0;0;0;0;0;0;0;0;0;0.0;0.0;0.0;0.0;0;24;14;276;1;1;1;0;0;0;0.0;0.0;0.0;0;0;0;6;25;2;0;0;0;0;0;0;0;0;0;1057196861;1057196861;0.0;0.0;0.0;5.285984305E8;false;0;0;0;0;0;0;0;0;0;idea 6 (id=34) items: { }, parents: { 21 } by playerName3 (id=9) scores{ créativité 0.0 pertinence 0.0 persuasion 0.0 adaptation 0.0 };[]
5;28;14;123;17;8;4;7;0;0;0;0;0;0;0;0;0;0;0;0;0;0;0;0;0;0.0;0.0;0.0;0.0;0;28;17;299;1;1;1;2;0;0;0.0;0.0;1.0;2;6;6;6;50;2;0;0;0;0;0;0;0;0;0;1057196861;1057196861;0.0;0.0;0.0;5.285984305E8;false;0;0;0;0;0;0;0;0;0;idea 6 (id=34) items: { }, parents: { 21 } by playerName3 (id=9) scores{ créativité 0.0 pertinence 0.0 persuasion 0.0 adaptation 0.0 };[]
5;31;14;123;17;8;4;7;0;0;0;0;0;0;0;0;0;0;0;0;0;0;0;0;0;0.0;0.0;0.0;0.0;0;31;12;343;1;1;0;1;0;0;0.0;0.0;1.0;1;2;2;4;55;2;0;0;0;0;0;0;0;0;0;1057196861;1057196861;0.0;0.0;0.0;5.285984305E8;false;0;0;0;0;0;0;0;0;0;idea 6 (id=34) items: { }, parents: { 21 } by playerName3 (id=9) scores{ créativité 0.0 pertinence 0.0 persuasion 0.0 adaptation 0.0 };[[31]:[31:28:1:5]:[31:12:1:5]]
5;32;14;123;17;8;4;7;0;0;0;0;0;0;0;0;0;0;0;0;0;0;0;0;0;0.0;0.0;0.0;0.0;0;32;13;345;1;1;1;0;0;0;0.0;0.0;0.0;0;0;0;15;56;2;0;0;0;0;0;0;0;0;0;1057196861;1057196861;0.0;0.0;0.0;5.285984305E8;false;0;0;0;0;0;0;0;0;0;idea 6 (id=34) items: { }, parents: { 21 } by playerName3 (id=9) scores{ créativité 0.0 pertinence 0.0 persuasion 0.0 adaptation 0.0 };[[32]:[32:13:1:5]:[32:1:1:5]]
5;34;14;123;17;8;4;7;0;0;0;0;0;0;0;0;0;0;0;0;0;0;0;0;0;0.0;0.0;0.0;0.0;0;34;9;358;2;2;0;0;0;0;0.0;0.0;0.0;0;0;0;6;48;2;0;0;0;2;2;2;2;2;2;1057429189;1057429189;0.0;1.0;1.0;5.287145945E8;true;1;0;0;0;0;0;0;0;0;idea 6 (id=34) items: { }, parents: { 21 } by playerName3 (id=9) scores{ créativité 0.0 pertinence 0.0 persuasion 0.0 adaptation 0.0 };[[34]:[34:24:1:5]:[34:9:1:5]]
6;1;14;116;24;11;4;13;0;0;0;0;0;0;0;0;0;0;0;0;0;0;0;0;0;0.0;0.0;0.0;0.0;0;1;0;0;0;0;0;0;0;0;0.0;0.0;0.0;0;0;0;23;0;0;0;-1;0;0;-1;0;0;-1;0;-1;0;0.0;0.0;0.0;0.0;false;0;10;0;0;0;0;0;0;0;idea 11 (id=43) items: { }, parents: { 1 } by StephT (id=16) scores{ créativité 0.0 pertinence 0.0 persuasion 0.0 adaptation 0.0 };[]
6;20;14;116;24;11;4;13;0;0;0;0;0;0;0;0;0;0;0;0;0;0;0;0;0;0.0;0.0;0.0;0.0;0;20;13;232;1;1;1;0;0;0;0.0;0.0;0.0;0;0;0;9;76;2;0;0;0;0;0;0;0;0;0;1057196861;1057196861;0.0;0.0;0.0;5.285984305E8;false;0;0;0;0;0;0;0;0;0;idea 11 (id=43) items: { }, parents: { 1 } by StephT (id=16) scores{ créativité 0.0 pertinence 0.0 persuasion 0.0 adaptation 0.0 };[]
6;21;14;116;24;11;4;13;0;0;0;0;0;0;0;0;0;0;0;0;0;0;0;0;0;0.0;0.0;0.0;0.0;0;21;9;232;1;1;0;2;1;0;0.5;0.0;0.5;2;4;4;6;68;2;0;0;0;0;0;0;0;0;0;1057196861;1057196861;0.0;0.0;0.0;5.285984305E8;false;0;1;0;0;0;0;0;0;0;idea 11 (id=43) items: { }, parents: { 1 } by StephT (id=16) scores{ créativité 0.0 pertinence 0.0 persuasion 0.0 adaptation 0.0 };[]
6;22;14;116;24;11;4;13;0;0;0;0;0;0;0;0;0;0;0;0;0;0;0;0;0;0.0;0.0;0.0;0.0;0;22;7;245;1;1;1;3;0;0;0.0;0.0;1.0;2;5;5;18;74;2;0;0;0;0;0;0;0;0;0;1057196861;1057196861;0.0;0.0;0.0;5.285984305E8;false;0;0;0;0;0;0;0;0;0;idea 11 (id=43) items: { }, parents: { 1 } by StephT (id=16) scores{ créativité 0.0 pertinence 0.0 persuasion 0.0 adaptation 0.0 };[]
6;24;14;116;24;11;4;13;0;0;0;0;0;0;0;0;0;0;0;0;0;0;0;0;0;0.0;0.0;0.0;0.0;0;24;14;276;1;1;1;0;0;0;0.0;0.0;0.0;0;0;0;6;25;2;0;0;0;0;0;0;0;0;0;1057196861;1057196861;0.0;0.0;0.0;5.285984305E8;false;0;0;0;0;0;0;0;0;0;idea 11 (id=43) items: { }, parents: { 1 } by StephT (id=16) scores{ créativité 0.0 pertinence 0.0 persuasion 0.0 adaptation 0.0 };[]
6;28;14;116;24;11;4;13;0;0;0;0;0;0;0;0;0;0;0;0;0;0;0;0;0;0.0;0.0;0.0;0.0;0;28;17;299;1;1;1;3;0;0;0.0;0.0;1.0;3;8;8;6;50;2;0;0;0;0;0;0;0;0;0;1057196861;1057196861;0.0;0.0;0.0;5.285984305E8;false;0;0;0;0;0;0;0;0;0;idea 11 (id=43) items: { }, parents: { 1 } by StephT (id=16) scores{ créativité 0.0 pertinence 0.0 persuasion 0.0 adaptation 0.0 };[]
6;31;14;116;24;11;4;13;0;0;0;0;0;0;0;0;0;0;0;0;0;0;0;0;0;0.0;0.0;0.0;0.0;0;31;12;343;1;1;0;2;1;0;0.5;0.0;0.5;2;4;4;4;55;2;0;0;0;0;0;0;0;0;0;1057196861;1057196861;0.0;0.0;0.0;5.285984305E8;false;0;0;0;0;0;0;0;0;0;idea 11 (id=43) items: { }, parents: { 1 } by StephT (id=16) scores{ créativité 0.0 pertinence 0.0 persuasion 0.0 adaptation 0.0 };[]
6;32;14;116;24;11;4;13;0;0;0;0;0;0;0;0;0;0;0;0;0;0;0;0;0;0.0;0.0;0.0;0.0;0;32;13;345;1;1;1;1;1;0;1.0;0.0;0.0;1;1;1;15;56;2;0;0;0;0;0;0;0;0;0;1057196861;1057196861;0.0;0.0;0.0;5.285984305E8;false;0;0;0;0;0;0;0;0;0;idea 11 (id=43) items: { }, parents: { 1 } by StephT (id=16) scores{ créativité 0.0 pertinence 0.0 persuasion 0.0 adaptation 0.0 };[]
6;34;14;116;24;11;4;13;0;0;0;0;0;0;0;0;0;0;0;0;0;0;0;0;0;0.0;0.0;0.0;0.0;0;34;9;358;2;2;0;1;0;0;0.0;0.0;1.0;1;1;1;6;48;2;0;0;0;2;2;2;2;2;2;1057429189;1057429189;0.0;1.0;1.0;5.287145945E8;true;1;0;0;0;0;0;0;0;0;idea 11 (id=43) items: { }, parents: { 1 } by StephT (id=16) scores{ créativité 0.0 pertinence 0.0 persuasion 0.0 adaptation 0.0 };[]
6;36;14;116;24;11;4;13;0;0;0;0;0;0;0;0;0;0;0;0;0;0;0;0;0;0.0;0.0;0.0;0.0;0;36;17;373;1;1;1;0;0;0;0.0;0.0;0.0;0;0;0;6;19;2;0;0;0;0;0;0;0;0;0;1057196861;1057196861;0.0;0.0;0.0;5.285984305E8;false;0;0;0;0;0;0;0;0;0;idea 11 (id=43) items: { }, parents: { 1 } by StephT (id=16) scores{ créativité 0.0 pertinence 0.0 persuasion 0.0 adaptation 0.0 };[[36]:[36:17:1:6]:[36:21:1:6]]
6;38;14;116;24;11;4;13;0;0;0;0;0;0;0;0;0;0;0;0;0;0;0;0;0;0.0;0.0;0.0;0.0;0;38;15;378;1;1;0;1;0;0;0.0;0.0;1.0;1;1;1;29;24;2;0;0;0;0;0;0;0;0;0;1057196861;1057196861;0.0;0.0;0.0;5.285984305E8;false;0;0;0;0;0;0;0;0;0;idea 11 (id=43) items: { }, parents: { 1 } by StephT (id=16) scores{ créativité 0.0 pertinence 0.0 persuasion 0.0 adaptation 0.0 };[[38]:[38:15:1:6]:[38:34:1:6]]
6;43;14;116;24;11;4;13;0;0;0;0;0;0;0;0;0;0;0;0;0;0;0;0;0;0.0;0.0;0.0;0.0;0;43;16;414;1;1;0;0;0;0;0.0;0.0;0.0;0;0;0;7;42;2;0;0;0;0;0;0;0;0;0;1057196861;1057196861;0.0;0.0;0.0;5.285984305E8;false;0;0;0;0;0;0;0;0;0;idea 11 (id=43) items: { }, parents: { 1 } by StephT (id=16) scores{ créativité 0.0 pertinence 0.0 persuasion 0.0 adaptation 0.0 };[[43]:[43:16:1:6]:[43:31:1:6]]
7;1;14;109;31;13;4;18;0;0;0;0;0;0;0;0;0;0;0;0;0;0;0;0;0;0.0;0.0;0.0;0.0;0;1;0;0;0;0;0;0;0;0;0.0;0.0;0.0;0;0;0;23;0;0;0;-1;0;0;-1;0;0;-1;0;-1;0;0.0;0.0;0.0;0.0;false;0;10;0;0;0;0;0;0;0;on Emploi du temps (by playerName3) (id=50): "" +1 by playerName3 (id=11) scores{ créativité 0.0 pertinence 0.0 persuasion 0.0 adaptation 1.0 };[]
7;20;14;109;31;13;4;18;0;0;0;0;0;0;0;0;0;0;0;0;0;0;0;0;0;0.0;0.0;0.0;0.0;0;20;13;232;1;1;1;0;0;0;0.0;0.0;0.0;0;0;0;9;76;2;0;0;0;0;0;0;0;0;0;1057196861;1057196861;0.0;0.0;0.0;5.285984305E8;false;0;0;0;0;0;0;0;0;0;on Emploi du temps (by playerName3) (id=50): "" +1 by playerName3 (id=11) scores{ créativité 0.0 pertinence 0.0 persuasion 0.0 adaptation 1.0 };[]
7;21;14;109;31;13;4;18;0;0;0;0;0;0;0;0;0;0;0;0;0;0;0;0;0;0.0;0.0;0.0;0.0;0;21;9;232;1;1;0;2;1;0;0.5;0.0;0.5;2;4;4;6;68;2;0;0;0;0;0;0;0;0;0;1057196861;1057196861;0.0;0.0;0.0;5.285984305E8;false;0;1;0;0;0;0;0;0;0;on Emploi du temps (by playerName3) (id=50): "" +1 by playerName3 (id=11) scores{ créativité 0.0 pertinence 0.0 persuasion 0.0 adaptation 1.0 };[]
7;22;14;109;31;13;4;18;0;0;0;0;0;0;0;0;0;0;0;0;0;0;0;0;0;0.0;0.0;0.0;0.0;0;22;7;245;1;1;1;3;0;0;0.0;0.0;1.0;2;5;5;18;74;2;0;0;0;0;0;0;0;0;0;1057196861;1057196861;0.0;0.0;0.0;5.285984305E8;false;0;1;0;0;0;0;0;0;0;on Emploi du temps (by playerName3) (id=50): "" +1 by playerName3 (id=11) scores{ créativité 0.0 pertinence 0.0 persuasion 0.0 adaptation 1.0 };[]
7;24;14;109;31;13;4;18;0;0;0;0;0;0;0;0;0;0;0;0;0;0;0;0;0;0.0;0.0;0.0;0.0;0;24;14;276;1;1;1;0;0;0;0.0;0.0;0.0;0;0;0;6;25;2;0;0;0;0;0;0;0;0;0;1057196861;1057196861;0.0;0.0;0.0;5.285984305E8;false;0;0;0;0;0;0;0;0;0;on Emploi du temps (by playerName3) (id=50): "" +1 by playerName3 (id=11) scores{ créativité 0.0 pertinence 0.0 persuasion 0.0 adaptation 1.0 };[]
7;28;14;109;31;13;4;18;0;0;0;0;0;0;0;0;0;0;0;0;0;0;0;0;0;0.0;0.0;0.0;0.0;0;28;17;299;1;1;1;4;0;0;0.0;0.0;1.0;4;9;9;6;50;2;0;0;0;0;0;0;0;0;0;1057196861;1057196861;0.0;0.0;0.0;5.285984305E8;false;0;0;0;0;0;0;0;0;0;on Emploi du temps (by playerName3) (id=50): "" +1 by playerName3 (id=11) scores{ créativité 0.0 pertinence 0.0 persuasion 0.0 adaptation 1.0 };[]
7;31;14;109;31;13;4;18;0;0;0;0;0;0;0;0;0;0;0;0;0;0;0;0;0;0.0;0.0;0.0;0.0;0;31;12;343;1;1;0;2;1;0;0.5;0.0;0.5;2;4;4;4;55;2;0;0;0;0;0;0;0;0;0;1057196861;1057196861;0.0;0.0;0.0;5.285984305E8;false;0;0;0;0;0;0;0;0;0;on Emploi du temps (by playerName3) (id=50): "" +1 by playerName3 (id=11) scores{ créativité 0.0 pertinence 0.0 persuasion 0.0 adaptation 1.0 };[]
7;32;14;109;31;13;4;18;0;0;0;0;0;0;0;0;0;0;0;0;0;0;0;0;0;0.0;0.0;0.0;0.0;0;32;13;345;1;1;1;2;1;0;0.5;0.0;0.5;2;2;2;15;56;2;0;0;0;0;0;0;0;0;0;1057196861;1057196861;0.0;0.0;0.0;5.285984305E8;false;0;0;0;0;0;0;0;0;0;on Emploi du temps (by playerName3) (id=50): "" +1 by playerName3 (id=11) scores{ créativité 0.0 pertinence 0.0 persuasion 0.0 adaptation 1.0 };[]
7;34;14;109;31;13;4;18;0;0;0;0;0;0;0;0;0;0;0;0;0;0;0;0;0;0.0;0.0;0.0;0.0;0;34;9;358;2;2;0;1;0;0;0.0;0.0;1.0;1;1;1;6;48;2;0;0;0;2;2;2;2;2;2;1057429189;1057429189;0.0;1.0;1.0;5.287145945E8;true;1;1;0;0;0;0;0;0;0;on Emploi du temps (by playerName3) (id=50): "" +1 by playerName3 (id=11) scores{ créativité 0.0 pertinence 0.0 persuasion 0.0 adaptation 1.0 };[]
7;36;14;109;31;13;4;18;0;0;0;0;0;0;0;0;0;0;0;0;0;0;0;0;0;0.0;0.0;0.0;0.0;0;36;17;373;1;1;1;0;0;0;0.0;0.0;0.0;0;0;0;6;19;2;0;0;0;0;0;0;0;0;0;1057196861;1057196861;0.0;0.0;0.0;5.285984305E8;false;0;0;0;0;0;0;0;0;0;on Emploi du temps (by playerName3) (id=50): "" +1 by playerName3 (id=11) scores{ créativité 0.0 pertinence 0.0 persuasion 0.0 adaptation 1.0 };[]
7;38;14;109;31;13;4;18;0;0;0;0;0;0;0;0;0;0;0;0;0;0;0;0;0;0.0;0.0;0.0;0.0;0;38;15;378;1;1;0;1;0;0;0.0;0.0;1.0;1;1;1;29;24;2;0;0;0;0;0;0;0;0;0;1057196861;1057196861;0.0;0.0;0.0;5.285984305E8;false;0;0;0;0;0;0;0;0;0;on Emploi du temps (by playerName3) (id=50): "" +1 by playerName3 (id=11) scores{ créativité 0.0 pertinence 0.0 persuasion 0.0 adaptation 1.0 };[]
7;43;14;109;31;13;4;18;0;0;0;0;0;0;0;0;0;0;0;0;0;0;0;0;0;0.0;0.0;0.0;0.0;0;43;16;414;1;1;0;0;0;0;0.0;0.0;0.0;0;0;0;7;42;2;0;0;0;0;0;0;0;0;0;1057196861;1057196861;0.0;0.0;0.0;5.285984305E8;false;0;0;0;0;0;0;0;0;0;on Emploi du temps (by playerName3) (id=50): "" +1 by playerName3 (id=11) scores{ créativité 0.0 pertinence 0.0 persuasion 0.0 adaptation 1.0 };[]
7;45;14;109;31;13;4;18;0;0;0;0;0;0;0;0;0;0;0;0;0;0;0;0;0;0.0;0.0;0.0;0.0;0;45;10;438;2;2;0;2;1;0;0.5;0.0;0.5;1;1;1;7;48;2;1;1;1;3;3;3;2;2;2;1057441971;1057441971;0.5;1.5;1.0;5.287209855E8;false;0;0;0;0;0;0;0;0;0;on Emploi du temps (by playerName3) (id=50): "" +1 by playerName3 (id=11) scores{ créativité 0.0 pertinence 0.0 persuasion 0.0 adaptation 1.0 };[[45]:[45:10:1:7]:[45:1:1:7]]
7;46;14;109;31;13;4;18;0;0;0;0;0;0;0;0;0;0;0;0;0;0;0;0;0;0.0;0.0;0.0;0.0;0;46;7;438;3;3;0;1;0;0;0.0;0.0;1.0;1;4;4;7;71;2;0;0;0;1;1;1;1;1;1;1057555142;1057555142;0.0;0.5;0.5;5.28777571E8;false;0;0;0;0;0;0;0;0;0;on Emploi du temps (by playerName3) (id=50): "" +1 by playerName3 (id=11) scores{ créativité 0.0 pertinence 0.0 persuasion 0.0 adaptation 1.0 };[[46]:[46:7:1:7]:[46:28:1:7]]
8;1;14;103;37;15;4;23;0;0;0;0;0;0;0;0;0;0;0;0;0;0;0;0;0;0.0;0.0;0.0;0.0;0;1;0;0;0;0;0;0;0;0;0.0;0.0;0.0;0;0;0;23;0;0;0;-1;0;0;-1;0;0;-1;0;-1;0;0.0;0.0;0.0;0.0;false;0;11;0;0;0;0;0;0;0;on Cantine (by Julia) (id=57): "" +1 by Julia (id=7) scores{ créativité 9.0 pertinence 5.0 persuasion 2.0 adaptation 0.0 };[]
8;20;14;103;37;15;4;23;0;0;0;0;0;0;0;0;0;0;0;0;0;0;0;0;0;0.0;0.0;0.0;0.0;0;20;13;232;1;1;1;0;0;0;0.0;0.0;0.0;0;0;0;9;76;2;0;0;0;0;0;0;0;0;0;1057196861;1057196861;0.0;0.0;0.0;5.285984305E8;false;0;0;0;0;0;0;0;0;0;on Cantine (by Julia) (id=57): "" +1 by Julia (id=7) scores{ créativité 9.0 pertinence 5.0 persuasion 2.0 adaptation 0.0 };[]
8;21;14;103;37;15;4;23;0;0;0;0;0;0;0;0;0;0;0;0;0;0;0;0;0;0.0;0.0;0.0;0.0;0;21;9;232;1;1;0;2;1;0;0.5;0.0;0.5;2;4;4;6;68;2;0;0;0;0;0;0;0;0;0;1057196861;1057196861;0.0;0.0;0.0;5.285984305E8;false;0;2;0;0;0;0;0;0;0;on Cantine (by Julia) (id=57): "" +1 by Julia (id=7) scores{ créativité 9.0 pertinence 5.0 persuasion 2.0 adaptation 0.0 };[]
8;22;14;103;37;15;4;23;0;0;0;0;0;0;0;0;0;0;0;0;0;0;0;0;0;0.0;0.0;0.0;0.0;0;22;7;245;1;1;1;4;0;0;0.0;0.0;1.0;3;7;7;18;74;2;0;0;0;0;0;0;0;0;0;1057196861;1057196861;0.0;0.0;0.0;5.285984305E8;false;0;1;0;0;0;0;0;0;0;on Cantine (by Julia) (id=57): "" +1 by Julia (id=7) scores{ créativité 9.0 pertinence 5.0 persuasion 2.0 adaptation 0.0 };[]
8;24;14;103;37;15;4;23;0;0;0;0;0;0;0;0;0;0;0;0;0;0;0;0;0;0.0;0.0;0.0;0.0;0;24;14;276;1;1;1;0;0;0;0.0;0.0;0.0;0;0;0;6;25;2;0;0;0;0;0;0;0;0;0;1057196861;1057196861;0.0;0.0;0.0;5.285984305E8;false;0;0;0;0;0;0;0;0;0;on Cantine (by Julia) (id=57): "" +1 by Julia (id=7) scores{ créativité 9.0 pertinence 5.0 persuasion 2.0 adaptation 0.0 };[]
8;28;14;103;37;15;4;23;0;0;0;0;0;0;0;0;0;0;0;0;0;0;0;0;0;0.0;0.0;0.0;0.0;0;28;17;299;1;1;1;4;0;0;0.0;0.0;1.0;4;9;9;6;50;2;0;0;0;0;0;0;0;0;0;1057196861;1057196861;0.0;0.0;0.0;5.285984305E8;false;0;0;0;0;0;0;0;0;0;on Cantine (by Julia) (id=57): "" +1 by Julia (id=7) scores{ créativité 9.0 pertinence 5.0 persuasion 2.0 adaptation 0.0 };[]
8;31;14;103;37;15;4;23;0;0;0;0;0;0;0;0;0;0;0;0;0;0;0;0;0;0.0;0.0;0.0;0.0;0;31;12;343;1;1;0;3;1;0;0.3333333333333333;0.0;0.6666666666666667;2;4;4;4;55;2;0;0;0;0;0;0;0;0;0;1057196861;1057196861;0.0;0.0;0.0;5.285984305E8;false;0;0;0;0;0;0;0;0;0;on Cantine (by Julia) (id=57): "" +1 by Julia (id=7) scores{ créativité 9.0 pertinence 5.0 persuasion 2.0 adaptation 0.0 };[]
8;32;14;103;37;15;4;23;0;0;0;0;0;0;0;0;0;0;0;0;0;0;0;0;0;0.0;0.0;0.0;0.0;0;32;13;345;1;1;1;2;1;0;0.5;0.0;0.5;2;2;2;15;56;2;0;0;0;0;0;0;0;0;0;1057196861;1057196861;0.0;0.0;0.0;5.285984305E8;false;0;0;0;0;0;0;0;0;0;on Cantine (by Julia) (id=57): "" +1 by Julia (id=7) scores{ créativité 9.0 pertinence 5.0 persuasion 2.0 adaptation 0.0 };[]
8;34;14;103;37;15;4;23;0;0;0;0;0;0;0;0;0;0;0;0;0;0;0;0;0;0.0;0.0;0.0;0.0;0;34;9;358;2;2;0;1;0;0;0.0;0.0;1.0;1;1;1;6;48;2;0;0;0;2;2;2;2;2;2;1057429189;1057429189;0.0;1.0;1.0;5.287145945E8;true;1;1;0;0;0;0;0;0;0;on Cantine (by Julia) (id=57): "" +1 by Julia (id=7) scores{ créativité 9.0 pertinence 5.0 persuasion 2.0 adaptation 0.0 };[]
8;36;14;103;37;15;4;23;0;0;0;0;0;0;0;0;0;0;0;0;0;0;0;0;0;0.0;0.0;0.0;0.0;0;36;17;373;1;1;1;0;0;0;0.0;0.0;0.0;0;0;0;6;19;2;0;0;0;0;0;0;0;0;0;1057196861;1057196861;0.0;0.0;0.0;5.285984305E8;false;0;0;0;0;0;0;0;0;0;on Cantine (by Julia) (id=57): "" +1 by Julia (id=7) scores{ créativité 9.0 pertinence 5.0 persuasion 2.0 adaptation 0.0 };[]
8;38;14;103;37;15;4;23;0;0;0;0;0;0;0;0;0;0;0;0;0;0;0;0;0;0.0;0.0;0.0;0.0;0;38;15;378;1;1;0;1;0;0;0.0;0.0;1.0;1;1;1;29;24;2;0;0;0;0;0;0;0;0;0;1057196861;1057196861;0.0;0.0;0.0;5.285984305E8;false;0;0;0;0;0;0;0;0;0;on Cantine (by Julia) (id=57): "" +1 by Julia (id=7) scores{ créativité 9.0 pertinence 5.0 persuasion 2.0 adaptation 0.0 };[]
8;43;14;103;37;15;4;23;0;0;0;0;0;0;0;0;0;0;0;0;0;0;0;0;0;0.0;0.0;0.0;0.0;0;43;16;414;1;1;0;0;0;0;0.0;0.0;0.0;0;0;0;7;42;2;0;0;0;0;0;0;0;0;0;1057196861;1057196861;0.0;0.0;0.0;5.285984305E8;false;0;0;0;0;0;0;0;0;0;on Cantine (by Julia) (id=57): "" +1 by Julia (id=7) scores{ créativité 9.0 pertinence 5.0 persuasion 2.0 adaptation 0.0 };[]
8;45;14;103;37;15;4;23;0;0;0;0;0;0;0;0;0;0;0;0;0;0;0;0;0;0.0;0.0;0.0;0.0;0;45;10;438;2;2;0;3;1;0;0.3333333333333333;0.0;0.6666666666666667;2;2;2;7;48;2;1;1;1;4;3;4;3;2;3;1057441971;1057441971;0.5;2.0;1.5;5.287209855E8;false;0;0;0;0;0;0;0;0;0;on Cantine (by Julia) (id=57): "" +1 by Julia (id=7) scores{ créativité 9.0 pertinence 5.0 persuasion 2.0 adaptation 0.0 };[]
8;46;14;103;37;15;4;23;0;0;0;0;0;0;0;0;0;0;0;0;0;0;0;0;0;0.0;0.0;0.0;0.0;0;46;7;438;3;3;0;3;1;0;0.3333333333333333;0.0;0.6666666666666667;3;7;7;7;71;2;0;0;0;1;1;1;1;1;1;1057555142;1057555142;0.0;0.5;0.5;5.28777571E8;false;0;0;0;0;0;0;0;0;0;on Cantine (by Julia) (id=57): "" +1 by Julia (id=7) scores{ créativité 9.0 pertinence 5.0 persuasion 2.0 adaptation 0.0 };[]
8;53;14;103;37;15;4;23;0;0;0;0;0;0;0;0;0;0;0;0;0;0;0;0;0;0.0;0.0;0.0;0.0;0;53;9;506;2;2;0;0;0;0;0.0;0.0;0.0;0;0;0;7;41;2;0;0;0;2;2;2;2;2;2;1057429189;1057429189;0.0;1.0;1.0;5.287145945E8;true;1;0;0;0;0;0;0;0;0;on Cantine (by Julia) (id=57): "" +1 by Julia (id=7) scores{ créativité 9.0 pertinence 5.0 persuasion 2.0 adaptation 0.0 };[[53]:[53:9:1:8]:[53:28:1:8]]
8;56;14;103;37;15;4;23;0;0;0;0;0;0;0;0;0;0;0;0;0;0;0;0;0;0.0;0.0;0.0;0.0;0;56;12;516;1;1;0;0;0;0;0.0;0.0;0.0;0;0;0;10;46;2;0;0;0;0;0;0;0;0;0;1057196861;1057196861;0.0;0.0;0.0;5.285984305E8;false;0;0;0;0;0;0;0;0;0;on Cantine (by Julia) (id=57): "" +1 by Julia (id=7) scores{ créativité 9.0 pertinence 5.0 persuasion 2.0 adaptation 0.0 };[[56]:[56:12:1:8]:[56:21:1:8]]
9;1;14;99;41;16;4;27;0;0;0;0;0;0;0;0;0;0;0;0;0;0;0;0;0;0.0;0.0;0.0;0.0;0;1;0;0;0;0;0;0;0;0;0.0;0.0;0.0;0;0;0;23;0;0;0;-1;0;0;-1;0;0;-1;0;-1;0;0.0;0.0;0.0;0.0;false;0;12;0;0;0;0;0;0;0;on idea 14 (by Florence) (id=62): "Et puis quoi encore ?" +0 by Florence (id=19) scores{ créativité 0.0 pertinence 22.0 persuasion 0.0 adaptation 0.0 };[]
9;20;14;99;41;16;4;27;0;0;0;0;0;0;0;0;0;0;0;0;0;0;0;0;0;0.0;0.0;0.0;0.0;0;20;13;232;1;1;1;0;0;0;0.0;0.0;0.0;0;0;0;9;76;2;0;0;0;0;0;0;0;0;0;1057196861;1057196861;0.0;0.0;0.0;5.285984305E8;false;0;0;0;0;0;0;0;0;0;on idea 14 (by Florence) (id=62): "Et puis quoi encore ?" +0 by Florence (id=19) scores{ créativité 0.0 pertinence 22.0 persuasion 0.0 adaptation 0.0 };[]
9;21;14;99;41;16;4;27;0;0;0;0;0;0;0;0;0;0;0;0;0;0;0;0;0;0.0;0.0;0.0;0.0;0;21;9;232;1;1;0;2;1;0;0.5;0.0;0.5;2;4;4;6;68;2;0;0;0;0;0;0;0;0;0;1057196861;1057196861;0.0;0.0;0.0;5.285984305E8;false;0;2;0;0;0;0;0;0;0;on idea 14 (by Florence) (id=62): "Et puis quoi encore ?" +0 by Florence (id=19) scores{ créativité 0.0 pertinence 22.0 persuasion 0.0 adaptation 0.0 };[]
9;22;14;99;41;16;4;27;0;0;0;0;0;0;0;0;0;0;0;0;0;0;0;0;0;0.0;0.0;0.0;0.0;0;22;7;245;1;1;1;4;0;0;0.0;0.0;1.0;3;7;7;18;74;2;0;0;0;0;0;0;0;0;0;1057196861;1057196861;0.0;0.0;0.0;5.285984305E8;false;0;1;0;0;0;0;0;0;0;on idea 14 (by Florence) (id=62): "Et puis quoi encore ?" +0 by Florence (id=19) scores{ créativité 0.0 pertinence 22.0 persuasion 0.0 adaptation 0.0 };[]
9;24;14;99;41;16;4;27;0;0;0;0;0;0;0;0;0;0;0;0;0;0;0;0;0;0.0;0.0;0.0;0.0;0;24;14;276;1;1;1;0;0;0;0.0;0.0;0.0;0;0;0;6;25;2;0;0;0;0;0;0;0;0;0;1057196861;1057196861;0.0;0.0;0.0;5.285984305E8;false;0;0;0;0;0;0;0;0;0;on idea 14 (by Florence) (id=62): "Et puis quoi encore ?" +0 by Florence (id=19) scores{ créativité 0.0 pertinence 22.0 persuasion 0.0 adaptation 0.0 };[]
9;28;14;99;41;16;4;27;0;0;0;0;0;0;0;0;0;0;0;0;0;0;0;0;0;0.0;0.0;0.0;0.0;0;28;17;299;1;1;1;4;0;0;0.0;0.0;1.0;4;9;9;6;50;2;0;0;0;0;0;0;0;0;0;1057196861;1057196861;0.0;0.0;0.0;5.285984305E8;false;0;0;0;0;0;0;0;0;0;on idea 14 (by Florence) (id=62): "Et puis quoi encore ?" +0 by Florence (id=19) scores{ créativité 0.0 pertinence 22.0 persuasion 0.0 adaptation 0.0 };[]
9;31;14;99;41;16;4;27;0;0;0;0;0;0;0;0;0;0;0;0;0;0;0;0;0;0.0;0.0;0.0;0.0;0;31;12;343;1;1;0;4;2;0;0.5;0.0;0.5;3;5;5;4;55;2;0;0;0;0;0;0;0;0;0;1057196861;1057196861;0.0;0.0;0.0;5.285984305E8;false;0;0;0;0;0;0;0;0;0;on idea 14 (by Florence) (id=62): "Et puis quoi encore ?" +0 by Florence (id=19) scores{ créativité 0.0 pertinence 22.0 persuasion 0.0 adaptation 0.0 };[]
9;32;14;99;41;16;4;27;0;0;0;0;0;0;0;0;0;0;0;0;0;0;0;0;0;0.0;0.0;0.0;0.0;0;32;13;345;1;1;1;2;1;0;0.5;0.0;0.5;2;2;2;15;56;2;0;0;0;0;0;0;0;0;0;1057196861;1057196861;0.0;0.0;0.0;5.285984305E8;false;0;0;0;0;0;0;0;0;0;on idea 14 (by Florence) (id=62): "Et puis quoi encore ?" +0 by Florence (id=19) scores{ créativité 0.0 pertinence 22.0 persuasion 0.0 adaptation 0.0 };[]
9;34;14;99;41;16;4;27;0;0;0;0;0;0;0;0;0;0;0;0;0;0;0;0;0;0.0;0.0;0.0;0.0;0;34;9;358;2;2;0;1;0;0;0.0;0.0;1.0;1;1;1;6;48;2;0;0;0;2;2;2;2;2;2;1057429189;1057429189;0.0;1.0;1.0;5.287145945E8;true;1;1;0;0;0;0;0;0;0;on idea 14 (by Florence) (id=62): "Et puis quoi encore ?" +0 by Florence (id=19) scores{ créativité 0.0 pertinence 22.0 persuasion 0.0 adaptation 0.0 };[]
9;36;14;99;41;16;4;27;0;0;0;0;0;0;0;0;0;0;0;0;0;0;0;0;0;0.0;0.0;0.0;0.0;0;36;17;373;1;1;1;1;0;0;0.0;0.0;1.0;0;0;0;6;19;2;0;0;0;0;0;0;0;0;0;1057196861;1057196861;0.0;0.0;0.0;5.285984305E8;false;0;0;0;0;0;0;0;0;0;on idea 14 (by Florence) (id=62): "Et puis quoi encore ?" +0 by Florence (id=19) scores{ créativité 0.0 pertinence 22.0 persuasion 0.0 adaptation 0.0 };[]
9;38;14;99;41;16;4;27;0;0;0;0;0;0;0;0;0;0;0;0;0;0;0;0;0;0.0;0.0;0.0;0.0;0;38;15;378;1;1;0;1;0;0;0.0;0.0;1.0;1;1;1;29;24;2;0;0;0;0;0;0;0;0;0;1057196861;1057196861;0.0;0.0;0.0;5.285984305E8;false;0;0;0;0;0;0;0;0;0;on idea 14 (by Florence) (id=62): "Et puis quoi encore ?" +0 by Florence (id=19) scores{ créativité 0.0 pertinence 22.0 persuasion 0.0 adaptation 0.0 };[]
9;43;14;99;41;16;4;27;0;0;0;0;0;0;0;0;0;0;0;0;0;0;0;0;0;0.0;0.0;0.0;0.0;0;43;16;414;1;1;0;0;0;0;0.0;0.0;0.0;0;0;0;7;42;2;0;0;0;0;0;0;0;0;0;1057196861;1057196861;0.0;0.0;0.0;5.285984305E8;false;0;0;0;0;0;0;0;0;0;on idea 14 (by Florence) (id=62): "Et puis quoi encore ?" +0 by Florence (id=19) scores{ créativité 0.0 pertinence 22.0 persuasion 0.0 adaptation 0.0 };[]
9;45;14;99;41;16;4;27;0;0;0;0;0;0;0;0;0;0;0;0;0;0;0;0;0;0.0;0.0;0.0;0.0;0;45;10;438;2;2;0;4;2;0;0.5;0.0;0.5;3;5;5;7;48;2;1;1;1;4;3;4;3;2;3;1057441971;1057441971;0.5;2.0;1.5;5.287209855E8;false;0;0;0;0;0;0;0;0;0;on idea 14 (by Florence) (id=62): "Et puis quoi encore ?" +0 by Florence (id=19) scores{ créativité 0.0 pertinence 22.0 persuasion 0.0 adaptation 0.0 };[]
9;46;14;99;41;16;4;27;0;0;0;0;0;0;0;0;0;0;0;0;0;0;0;0;0;0.0;0.0;0.0;0.0;0;46;7;438;3;3;0;3;1;0;0.3333333333333333;0.0;0.6666666666666667;3;7;7;7;71;2;0;0;0;1;1;1;1;1;1;1057555142;1057555142;0.0;0.5;0.5;5.28777571E8;false;0;0;0;0;0;0;0;0;0;on idea 14 (by Florence) (id=62): "Et puis quoi encore ?" +0 by Florence (id=19) scores{ créativité 0.0 pertinence 22.0 persuasion 0.0 adaptation 0.0 };[]
9;53;14;99;41;16;4;27;0;0;0;0;0;0;0;0;0;0;0;0;0;0;0;0;0;0.0;0.0;0.0;0.0;0;53;9;506;2;2;0;1;0;0;0.0;0.0;1.0;0;0;0;7;41;2;0;0;0;2;2;2;2;2;2;1057429189;1057429189;0.0;1.0;1.0;5.287145945E8;true;1;0;0;0;0;0;0;0;0;on idea 14 (by Florence) (id=62): "Et puis quoi encore ?" +0 by Florence (id=19) scores{ créativité 0.0 pertinence 22.0 persuasion 0.0 adaptation 0.0 };[]
9;56;14;99;41;16;4;27;0;0;0;0;0;0;0;0;0;0;0;0;0;0;0;0;0;0.0;0.0;0.0;0.0;0;56;12;516;1;1;0;0;0;0;0.0;0.0;0.0;0;0;0;10;46;2;0;0;0;0;0;0;0;0;0;1057196861;1057196861;0.0;0.0;0.0;5.285984305E8;false;0;0;0;0;0;0;0;0;0;on idea 14 (by Florence) (id=62): "Et puis quoi encore ?" +0 by Florence (id=19) scores{ créativité 0.0 pertinence 22.0 persuasion 0.0 adaptation 0.0 };[]
9;60;14;99;41;16;4;27;0;0;0;0;0;0;0;0;0;0;0;0;0;0;0;0;0;0.0;0.0;0.0;0.0;0;60;13;552;1;1;1;0;0;0;0.0;0.0;0.0;0;0;0;4;27;2;0;0;0;0;0;0;0;0;0;1057196861;1057196861;0.0;0.0;0.0;5.285984305E8;false;0;0;0;0;0;0;0;0;0;on idea 14 (by Florence) (id=62): "Et puis quoi encore ?" +0 by Florence (id=19) scores{ créativité 0.0 pertinence 22.0 persuasion 0.0 adaptation 0.0 };[[60]:[60:13:1:9]:[60:21:1:9]]
10;1;14;87;53;17;4;33;0;0;0;0;0;0;0;0;0;0;0;0;0;0;0;0;0;0.0;0.0;0.0;0.0;0;1;0;0;0;0;0;0;0;0;0.0;0.0;0.0;0;0;0;23;0;0;0;-1;0;0;-1;0;0;-1;0;-1;0;0.0;0.0;0.0;0.0;false;0;12;0;0;0;0;0;0;0;on idea 12 (by Danny) (id=69): "" +2 by Danny (id=17) scores{ créativité 9.0 pertinence 0.0 persuasion 0.0 adaptation 2.6666666666666665 };[]
10;20;14;87;53;17;4;33;0;0;0;0;0;0;0;0;0;0;0;0;0;0;0;0;0;0.0;0.0;0.0;0.0;0;20;13;232;1;1;1;0;0;0;0.0;0.0;0.0;0;0;0;9;76;2;0;0;0;0;0;0;0;0;0;1057196861;1057196861;0.0;0.0;0.0;5.285984305E8;false;0;0;0;0;0;0;0;0;0;on idea 12 (by Danny) (id=69): "" +2 by Danny (id=17) scores{ créativité 9.0 pertinence 0.0 persuasion 0.0 adaptation 2.6666666666666665 };[]
10;21;14;87;53;17;4;33;0;0;0;0;0;0;0;0;0;0;0;0;0;0;0;0;0;0.0;0.0;0.0;0.0;0;21;9;232;1;1;0;2;1;0;0.5;0.0;0.5;2;4;4;6;68;2;0;0;0;0;0;0;0;0;0;1057196861;1057196861;0.0;0.0;0.0;5.285984305E8;false;0;3;0;0;0;0;0;0;0;on idea 12 (by Danny) (id=69): "" +2 by Danny (id=17) scores{ créativité 9.0 pertinence 0.0 persuasion 0.0 adaptation 2.6666666666666665 };[]
10;22;14;87;53;17;4;33;0;0;0;0;0;0;0;0;0;0;0;0;0;0;0;0;0;0.0;0.0;0.0;0.0;0;22;7;245;1;1;1;4;0;0;0.0;0.0;1.0;3;7;7;18;74;2;0;0;0;0;0;0;0;0;0;1057196861;1057196861;0.0;0.0;0.0;5.285984305E8;false;0;1;0;0;0;0;0;0;0;on idea 12 (by Danny) (id=69): "" +2 by Danny (id=17) scores{ créativité 9.0 pertinence 0.0 persuasion 0.0 adaptation 2.6666666666666665 };[]
10;24;14;87;53;17;4;33;0;0;0;0;0;0;0;0;0;0;0;0;0;0;0;0;0;0.0;0.0;0.0;0.0;0;24;14;276;1;1;1;0;0;0;0.0;0.0;0.0;0;0;0;6;25;2;0;0;0;0;0;0;0;0;0;1057196861;1057196861;0.0;0.0;0.0;5.285984305E8;false;0;0;0;0;0;0;0;0;0;on idea 12 (by Danny) (id=69): "" +2 by Danny (id=17) scores{ créativité 9.0 pertinence 0.0 persuasion 0.0 adaptation 2.6666666666666665 };[]
10;28;14;87;53;17;4;33;0;0;0;0;0;0;0;0;0;0;0;0;0;0;0;0;0;0.0;0.0;0.0;0.0;0;28;17;299;1;1;1;4;0;0;0.0;0.0;1.0;4;9;9;6;50;2;0;0;0;0;0;0;0;0;0;1057196861;1057196861;0.0;0.0;0.0;5.285984305E8;false;0;0;0;0;0;0;0;0;0;on idea 12 (by Danny) (id=69): "" +2 by Danny (id=17) scores{ créativité 9.0 pertinence 0.0 persuasion 0.0 adaptation 2.6666666666666665 };[]
10;31;14;87;53;17;4;33;0;0;0;0;0;0;0;0;0;0;0;0;0;0;0;0;0;0.0;0.0;0.0;0.0;0;31;12;343;1;1;0;4;2;0;0.5;0.0;0.5;3;5;5;4;55;2;0;0;0;0;0;0;0;0;0;1057196861;1057196861;0.0;0.0;0.0;5.285984305E8;false;0;0;0;0;0;0;0;0;0;on idea 12 (by Danny) (id=69): "" +2 by Danny (id=17) scores{ créativité 9.0 pertinence 0.0 persuasion 0.0 adaptation 2.6666666666666665 };[]
10;32;14;87;53;17;4;33;0;0;0;0;0;0;0;0;0;0;0;0;0;0;0;0;0;0.0;0.0;0.0;0.0;0;32;13;345;1;1;1;3;2;0;0.6666666666666666;0.0;0.33333333333333337;3;3;3;15;56;2;0;0;0;0;0;0;0;0;0;1057196861;1057196861;0.0;0.0;0.0;5.285984305E8;false;0;0;0;0;0;0;0;0;0;on idea 12 (by Danny) (id=69): "" +2 by Danny (id=17) scores{ créativité 9.0 pertinence 0.0 persuasion 0.0 adaptation 2.6666666666666665 };[]
10;34;14;87;53;17;4;33;0;0;0;0;0;0;0;0;0;0;0;0;0;0;0;0;0;0.0;0.0;0.0;0.0;0;34;9;358;2;2;0;1;0;0;0.0;0.0;1.0;1;1;1;6;48;2;0;0;0;2;2;2;2;2;2;1057429189;1057429189;0.0;1.0;1.0;5.287145945E8;true;1;1;0;0;0;0;0;0;0;on idea 12 (by Danny) (id=69): "" +2 by Danny (id=17) scores{ créativité 9.0 pertinence 0.0 persuasion 0.0 adaptation 2.6666666666666665 };[]
10;36;14;87;53;17;4;33;0;0;0;0;0;0;0;0;0;0;0;0;0;0;0;0;0;0.0;0.0;0.0;0.0;0;36;17;373;1;1;1;1;0;0;0.0;0.0;1.0;0;0;0;6;19;2;0;0;0;0;0;0;0;0;0;1057196861;1057196861;0.0;0.0;0.0;5.285984305E8;false;0;0;0;0;0;0;0;0;0;on idea 12 (by Danny) (id=69): "" +2 by Danny (id=17) scores{ créativité 9.0 pertinence 0.0 persuasion 0.0 adaptation 2.6666666666666665 };[]
10;38;14;87;53;17;4;33;0;0;0;0;0;0;0;0;0;0;0;0;0;0;0;0;0;0.0;0.0;0.0;0.0;0;38;15;378;1;1;0;1;0;0;0.0;0.0;1.0;1;1;1;29;24;2;0;0;0;0;0;0;0;0;0;1057196861;1057196861;0.0;0.0;0.0;5.285984305E8;false;0;0;0;0;0;0;0;0;0;on idea 12 (by Danny) (id=69): "" +2 by Danny (id=17) scores{ créativité 9.0 pertinence 0.0 persuasion 0.0 adaptation 2.6666666666666665 };[]
10;43;14;87;53;17;4;33;0;0;0;0;0;0;0;0;0;0;0;0;0;0;0;0;0;0.0;0.0;0.0;0.0;0;43;16;414;1;1;0;0;0;0;0.0;0.0;0.0;0;0;0;7;42;2;0;0;0;0;0;0;0;0;0;1057196861;1057196861;0.0;0.0;0.0;5.285984305E8;false;0;0;0;0;0;0;0;0;0;on idea 12 (by Danny) (id=69): "" +2 by Danny (id=17) scores{ créativité 9.0 pertinence 0.0 persuasion 0.0 adaptation 2.6666666666666665 };[]
10;45;14;87;53;17;4;33;0;0;0;0;0;0;0;0;0;0;0;0;0;0;0;0;0;0.0;0.0;0.0;0.0;0;45;10;438;2;2;0;5;2;0;0.4;0.0;0.6;4;7;7;7;48;2;1;1;1;4;3;4;3;2;3;1057441971;1057441971;0.5;2.0;1.5;5.287209855E8;false;0;0;0;0;0;0;0;0;0;on idea 12 (by Danny) (id=69): "" +2 by Danny (id=17) scores{ créativité 9.0 pertinence 0.0 persuasion 0.0 adaptation 2.6666666666666665 };[]
10;46;14;87;53;17;4;33;0;0;0;0;0;0;0;0;0;0;0;0;0;0;0;0;0;0.0;0.0;0.0;0.0;0;46;7;438;3;3;0;4;2;0;0.5;0.0;0.5;4;9;9;7;71;2;0;0;0;1;1;1;1;1;1;1057555142;1057555142;0.0;0.5;0.5;5.28777571E8;false;0;0;0;0;0;0;0;0;0;on idea 12 (by Danny) (id=69): "" +2 by Danny (id=17) scores{ créativité 9.0 pertinence 0.0 persuasion 0.0 adaptation 2.6666666666666665 };[]
10;53;14;87;53;17;4;33;0;0;0;0;0;0;0;0;0;0;0;0;0;0;0;0;0;0.0;0.0;0.0;0.0;0;53;9;506;2;2;0;3;0;0;0.0;0.0;1.0;0;0;0;7;41;2;0;0;0;2;2;2;2;2;2;1057429189;1057429189;0.0;1.0;1.0;5.287145945E8;true;1;0;0;0;0;0;0;0;0;on idea 12 (by Danny) (id=69): "" +2 by Danny (id=17) scores{ créativité 9.0 pertinence 0.0 persuasion 0.0 adaptation 2.6666666666666665 };[]
10;56;14;87;53;17;4;33;0;0;0;0;0;0;0;0;0;0;0;0;0;0;0;0;0;0.0;0.0;0.0;0.0;0;56;12;516;1;1;0;0;0;0;0.0;0.0;0.0;0;0;0;10;46;2;0;0;0;0;0;0;0;0;0;1057196861;1057196861;0.0;0.0;0.0;5.285984305E8;false;0;0;0;0;0;0;0;0;0;on idea 12 (by Danny) (id=69): "" +2 by Danny (id=17) scores{ créativité 9.0 pertinence 0.0 persuasion 0.0 adaptation 2.6666666666666665 };[]
10;60;14;87;53;17;4;33;0;0;0;0;0;0;0;0;0;0;0;0;0;0;0;0;0;0.0;0.0;0.0;0.0;0;60;13;552;1;1;1;0;0;0;0.0;0.0;0.0;0;0;0;4;27;2;0;0;0;0;0;0;0;0;0;1057196861;1057196861;0.0;0.0;0.0;5.285984305E8;false;0;0;0;0;0;0;0;0;0;on idea 12 (by Danny) (id=69): "" +2 by Danny (id=17) scores{ créativité 9.0 pertinence 0.0 persuasion 0.0 adaptation 2.6666666666666665 };[]
10;66;14;87;53;17;4;33;0;0;0;0;0;0;0;0;0;0;0;0;0;0;0;0;0;0.0;0.0;0.0;0.0;0;66;9;630;2;2;0;1;0;0;0.0;0.0;1.0;1;7;7;7;36;2;0;0;0;2;2;2;2;2;2;1057429189;1057429189;0.0;1.0;1.0;5.287145945E8;true;1;0;0;0;0;0;0;0;0;on idea 12 (by Danny) (id=69): "" +2 by Danny (id=17) scores{ créativité 9.0 pertinence 0.0 persuasion 0.0 adaptation 2.6666666666666665 };[[66]:[66:9:1:10]:[66:22:1:10]]
11;1;14;74;66;17;4;41;0;0;0;0;0;0;0;0;0;0;0;0;0;0;0;0;0;0.0;0.0;0.0;0.0;0;1;0;0;0;0;0;0;0;0;0.0;0.0;0.0;0;0;0;23;0;0;0;-1;0;0;-1;0;0;-1;0;-1;0;0.0;0.0;0.0;0.0;false;0;12;0;0;0;0;0;0;0;on Amélioration de la cafétariat (by Guillaume) (id=77): "Avec une carte fidélité qui rapporte des points;[]
11;20;14;74;66;17;4;41;0;0;0;0;0;0;0;0;0;0;0;0;0;0;0;0;0;0.0;0.0;0.0;0.0;0;20;13;232;1;1;1;1;1;0;1.0;0.0;0.0;1;1;1;9;76;2;0;0;0;0;0;0;0;0;0;1057196861;1057196861;0.0;0.0;0.0;5.285984305E8;false;0;0;0;0;0;0;0;0;0;on Amélioration de la cafétariat (by Guillaume) (id=77): "Avec une carte fidélité qui rapporte des points;[]
11;21;14;74;66;17;4;41;0;0;0;0;0;0;0;0;0;0;0;0;0;0;0;0;0;0.0;0.0;0.0;0.0;0;21;9;232;1;1;0;2;1;0;0.5;0.0;0.5;2;4;4;6;68;2;0;0;0;0;0;0;0;0;0;1057196861;1057196861;0.0;0.0;0.0;5.285984305E8;false;0;3;0;0;0;0;0;0;0;on Amélioration de la cafétariat (by Guillaume) (id=77): "Avec une carte fidélité qui rapporte des points;[]
11;22;14;74;66;17;4;41;0;0;0;0;0;0;0;0;0;0;0;0;0;0;0;0;0;0.0;0.0;0.0;0.0;0;22;7;245;1;1;1;4;0;0;0.0;0.0;1.0;3;7;7;18;74;2;0;0;0;0;0;0;0;0;0;1057196861;1057196861;0.0;0.0;0.0;5.285984305E8;false;0;1;0;0;0;0;0;0;0;on Amélioration de la cafétariat (by Guillaume) (id=77): "Avec une carte fidélité qui rapporte des points;[]
11;24;14;74;66;17;4;41;0;0;0;0;0;0;0;0;0;0;0;0;0;0;0;0;0;0.0;0.0;0.0;0.0;0;24;14;276;1;1;1;0;0;0;0.0;0.0;0.0;0;0;0;6;25;2;0;0;0;0;0;0;0;0;0;1057196861;1057196861;0.0;0.0;0.0;5.285984305E8;false;0;0;0;0;0;0;0;0;0;on Amélioration de la cafétariat (by Guillaume) (id=77): "Avec une carte fidélité qui rapporte des points;[]
11;28;14;74;66;17;4;41;0;0;0;0;0;0;0;0;0;0;0;0;0;0;0;0;0;0.0;0.0;0.0;0.0;0;28;17;299;1;1;1;4;0;0;0.0;0.0;1.0;4;9;9;6;50;2;0;0;0;0;0;0;0;0;0;1057196861;1057196861;0.0;0.0;0.0;5.285984305E8;false;0;0;0;0;0;0;0;0;0;on Amélioration de la cafétariat (by Guillaume) (id=77): "Avec une carte fidélité qui rapporte des points;[]
11;31;14;74;66;17;4;41;0;0;0;0;0;0;0;0;0;0;0;0;0;0;0;0;0;0.0;0.0;0.0;0.0;0;31;12;343;1;1;0;5;2;0;0.4;0.0;0.6;4;7;7;4;55;2;0;0;0;0;0;0;0;0;0;1057196861;1057196861;0.0;0.0;0.0;5.285984305E8;false;0;0;0;0;0;0;0;0;0;on Amélioration de la cafétariat (by Guillaume) (id=77): "Avec une carte fidélité qui rapporte des points;[]
11;32;14;74;66;17;4;41;0;0;0;0;0;0;0;0;0;0;0;0;0;0;0;0;0;0.0;0.0;0.0;0.0;0;32;13;345;1;1;1;3;2;0;0.6666666666666666;0.0;0.33333333333333337;3;3;3;15;56;2;0;0;0;0;0;0;0;0;0;1057196861;1057196861;0.0;0.0;0.0;5.285984305E8;false;0;0;0;0;0;0;0;0;0;on Amélioration de la cafétariat (by Guillaume) (id=77): "Avec une carte fidélité qui rapporte des points;[]
11;34;14;74;66;17;4;41;0;0;0;0;0;0;0;0;0;0;0;0;0;0;0;0;0;0.0;0.0;0.0;0.0;0;34;9;358;2;2;0;1;0;0;0.0;0.0;1.0;1;1;1;6;48;2;0;0;0;2;2;2;2;2;2;1057429189;1057429189;0.0;1.0;1.0;5.287145945E8;true;1;1;0;0;0;0;0;0;0;on Amélioration de la cafétariat (by Guillaume) (id=77): "Avec une carte fidélité qui rapporte des points;[]
11;36;14;74;66;17;4;41;0;0;0;0;0;0;0;0;0;0;0;0;0;0;0;0;0;0.0;0.0;0.0;0.0;0;36;17;373;1;1;1;1;0;0;0.0;0.0;1.0;0;0;0;6;19;2;0;0;0;0;0;0;0;0;0;1057196861;1057196861;0.0;0.0;0.0;5.285984305E8;false;0;0;0;0;0;0;0;0;0;on Amélioration de la cafétariat (by Guillaume) (id=77): "Avec une carte fidélité qui rapporte des points;[]
11;38;14;74;66;17;4;41;0;0;0;0;0;0;0;0;0;0;0;0;0;0;0;0;0;0.0;0.0;0.0;0.0;0;38;15;378;1;1;0;2;1;0;0.5;0.0;0.5;2;4;4;29;24;2;0;0;0;0;0;0;0;0;0;1057196861;1057196861;0.0;0.0;0.0;5.285984305E8;false;0;0;0;0;0;0;0;0;0;on Amélioration de la cafétariat (by Guillaume) (id=77): "Avec une carte fidélité qui rapporte des points;[]
11;43;14;74;66;17;4;41;0;0;0;0;0;0;0;0;0;0;0;0;0;0;0;0;0;0.0;0.0;0.0;0.0;0;43;16;414;1;1;0;1;0;0;0.0;0.0;1.0;1;2;2;7;42;2;0;0;0;0;0;0;0;0;0;1057196861;1057196861;0.0;0.0;0.0;5.285984305E8;false;0;0;0;0;0;0;0;0;0;on Amélioration de la cafétariat (by Guillaume) (id=77): "Avec une carte fidélité qui rapporte des points;[]
11;45;14;74;66;17;4;41;0;0;0;0;0;0;0;0;0;0;0;0;0;0;0;0;0;0.0;0.0;0.0;0.0;0;45;10;438;2;2;0;7;2;0;0.2857142857142857;0.0;0.7142857142857143;5;8;8;7;48;2;1;1;1;4;3;4;3;2;3;1057441971;1057441971;0.5;2.0;1.5;5.287209855E8;false;0;0;0;0;0;0;0;0;0;on Amélioration de la cafétariat (by Guillaume) (id=77): "Avec une carte fidélité qui rapporte des points;[]
11;46;14;74;66;17;4;41;0;0;0;0;0;0;0;0;0;0;0;0;0;0;0;0;0;0.0;0.0;0.0;0.0;0;46;7;438;3;3;0;5;2;0;0.4;0.0;0.6;5;11;11;7;71;2;0;0;0;1;1;1;1;1;1;1057555142;1057555142;0.0;0.5;0.5;5.28777571E8;false;0;0;0;0;0;0;0;0;0;on Amélioration de la cafétariat (by Guillaume) (id=77): "Avec une carte fidélité qui rapporte des points;[]
11;53;14;74;66;17;4;41;0;0;0;0;0;0;0;0;0;0;0;0;0;0;0;0;0;0.0;0.0;0.0;0.0;0;53;9;506;2;2;0;3;0;0;0.0;0.0;1.0;0;0;0;7;41;2;0;0;0;2;2;2;2;2;2;1057429189;1057429189;0.0;1.0;1.0;5.287145945E8;true;1;0;0;0;0;0;0;0;0;on Amélioration de la cafétariat (by Guillaume) (id=77): "Avec une carte fidélité qui rapporte des points;[]
11;56;14;74;66;17;4;41;0;0;0;0;0;0;0;0;0;0;0;0;0;0;0;0;0;0.0;0.0;0.0;0.0;0;56;12;516;1;1;0;1;0;0;0.0;0.0;1.0;1;2;2;10;46;2;0;0;0;0;0;0;0;0;0;1057196861;1057196861;0.0;0.0;0.0;5.285984305E8;false;0;0;0;0;0;0;0;0;0;on Amélioration de la cafétariat (by Guillaume) (id=77): "Avec une carte fidélité qui rapporte des points;[]
11;60;14;74;66;17;4;41;0;0;0;0;0;0;0;0;0;0;0;0;0;0;0;0;0;0.0;0.0;0.0;0.0;0;60;13;552;1;1;1;0;0;0;0.0;0.0;0.0;0;0;0;4;27;2;0;0;0;0;0;0;0;0;0;1057196861;1057196861;0.0;0.0;0.0;5.285984305E8;false;0;0;0;0;0;0;0;0;0;on Amélioration de la cafétariat (by Guillaume) (id=77): "Avec une carte fidélité qui rapporte des points;[]
11;66;14;74;66;17;4;41;0;0;0;0;0;0;0;0;0;0;0;0;0;0;0;0;0;0.0;0.0;0.0;0.0;0;66;9;630;2;2;0;1;0;0;0.0;0.0;1.0;1;7;7;7;36;2;0;0;0;2;2;2;2;2;2;1057429189;1057429189;0.0;1.0;1.0;5.287145945E8;true;1;0;0;0;0;0;0;0;0;on Amélioration de la cafétariat (by Guillaume) (id=77): "Avec une carte fidélité qui rapporte des points;[]
12;1;14;63;77;18;4;49;0;0;0;0;0;0;0;0;0;0;0;0;0;0;0;0;0;0.0;0.0;0.0;0.0;0;1;0;0;0;0;0;0;0;0;0.0;0.0;0.0;0;0;0;23;0;0;0;-1;0;0;-1;0;0;-1;0;-1;0;0.0;0.0;0.0;0.0;false;0;12;0;0;0;0;0;0;0;on idea 17 (by playerName3) (id=86): "" +2 by playerName3 (id=11) scores{ créativité 0.0 pertinence 7.0 persuasion 0.0 adaptation 4.666666666666666 };[]
12;20;14;63;77;18;4;49;0;0;0;0;0;0;0;0;0;0;0;0;0;0;0;0;0;0.0;0.0;0.0;0.0;0;20;13;232;1;1;1;1;1;0;1.0;0.0;0.0;1;1;1;9;76;2;0;0;0;0;0;0;0;0;0;1057196861;1057196861;0.0;0.0;0.0;5.285984305E8;false;0;1;0;0;0;0;0;0;0;on idea 17 (by playerName3) (id=86): "" +2 by playerName3 (id=11) scores{ créativité 0.0 pertinence 7.0 persuasion 0.0 adaptation 4.666666666666666 };[]
12;21;14;63;77;18;4;49;0;0;0;0;0;0;0;0;0;0;0;0;0;0;0;0;0;0.0;0.0;0.0;0.0;0;21;9;232;1;1;0;2;1;0;0.5;0.0;0.5;2;4;4;6;68;2;0;0;0;0;0;0;0;0;0;1057196861;1057196861;0.0;0.0;0.0;5.285984305E8;false;0;3;0;0;0;0;0;0;0;on idea 17 (by playerName3) (id=86): "" +2 by playerName3 (id=11) scores{ créativité 0.0 pertinence 7.0 persuasion 0.0 adaptation 4.666666666666666 };[]
12;22;14;63;77;18;4;49;0;0;0;0;0;0;0;0;0;0;0;0;0;0;0;0;0;0.0;0.0;0.0;0.0;0;22;7;245;1;1;1;4;0;0;0.0;0.0;1.0;3;7;7;18;74;2;0;0;0;0;0;0;0;0;0;1057196861;1057196861;0.0;0.0;0.0;5.285984305E8;false;0;1;0;0;0;0;0;0;0;on idea 17 (by playerName3) (id=86): "" +2 by playerName3 (id=11) scores{ créativité 0.0 pertinence 7.0 persuasion 0.0 adaptation 4.666666666666666 };[]
12;24;14;63;77;18;4;49;0;0;0;0;0;0;0;0;0;0;0;0;0;0;0;0;0;0.0;0.0;0.0;0.0;0;24;14;276;1;1;1;0;0;0;0.0;0.0;0.0;0;0;0;6;25;2;0;0;0;0;0;0;0;0;0;1057196861;1057196861;0.0;0.0;0.0;5.285984305E8;false;0;0;0;0;0;0;0;0;0;on idea 17 (by playerName3) (id=86): "" +2 by playerName3 (id=11) scores{ créativité 0.0 pertinence 7.0 persuasion 0.0 adaptation 4.666666666666666 };[]
12;28;14;63;77;18;4;49;0;0;0;0;0;0;0;0;0;0;0;0;0;0;0;0;0;0.0;0.0;0.0;0.0;0;28;17;299;1;1;1;4;0;0;0.0;0.0;1.0;4;9;9;6;50;2;0;0;0;0;0;0;0;0;0;1057196861;1057196861;0.0;0.0;0.0;5.285984305E8;false;0;0;0;0;0;0;0;0;0;on idea 17 (by playerName3) (id=86): "" +2 by playerName3 (id=11) scores{ créativité 0.0 pertinence 7.0 persuasion 0.0 adaptation 4.666666666666666 };[]
12;31;14;63;77;18;4;49;0;0;0;0;0;0;0;0;0;0;0;0;0;0;0;0;0;0.0;0.0;0.0;0.0;0;31;12;343;1;1;0;5;2;0;0.4;0.0;0.6;4;7;7;4;55;2;0;0;0;0;0;0;0;0;0;1057196861;1057196861;0.0;0.0;0.0;5.285984305E8;false;0;0;0;0;0;0;0;0;0;on idea 17 (by playerName3) (id=86): "" +2 by playerName3 (id=11) scores{ créativité 0.0 pertinence 7.0 persuasion 0.0 adaptation 4.666666666666666 };[]
12;32;14;63;77;18;4;49;0;0;0;0;0;0;0;0;0;0;0;0;0;0;0;0;0;0.0;0.0;0.0;0.0;0;32;13;345;1;1;1;3;2;0;0.6666666666666666;0.0;0.33333333333333337;3;3;3;15;56;2;0;0;0;0;0;0;0;0;0;1057196861;1057196861;0.0;0.0;0.0;5.285984305E8;false;0;0;0;0;0;0;0;0;0;on idea 17 (by playerName3) (id=86): "" +2 by playerName3 (id=11) scores{ créativité 0.0 pertinence 7.0 persuasion 0.0 adaptation 4.666666666666666 };[]
12;34;14;63;77;18;4;49;0;0;0;0;0;0;0;0;0;0;0;0;0;0;0;0;0;0.0;0.0;0.0;0.0;0;34;9;358;2;2;0;1;0;0;0.0;0.0;1.0;1;1;1;6;48;2;0;0;0;2;2;2;2;2;2;1057429189;1057429189;0.0;1.0;1.0;5.287145945E8;true;1;1;0;0;0;0;0;0;0;on idea 17 (by playerName3) (id=86): "" +2 by playerName3 (id=11) scores{ créativité 0.0 pertinence 7.0 persuasion 0.0 adaptation 4.666666666666666 };[]
12;36;14;63;77;18;4;49;0;0;0;0;0;0;0;0;0;0;0;0;0;0;0;0;0;0.0;0.0;0.0;0.0;0;36;17;373;1;1;1;1;0;0;0.0;0.0;1.0;0;0;0;6;19;2;0;0;0;0;0;0;0;0;0;1057196861;1057196861;0.0;0.0;0.0;5.285984305E8;false;0;0;0;0;0;0;0;0;0;on idea 17 (by playerName3) (id=86): "" +2 by playerName3 (id=11) scores{ créativité 0.0 pertinence 7.0 persuasion 0.0 adaptation 4.666666666666666 };[]
12;38;14;63;77;18;4;49;0;0;0;0;0;0;0;0;0;0;0;0;0;0;0;0;0;0.0;0.0;0.0;0.0;0;38;15;378;1;1;0;2;1;0;0.5;0.0;0.5;2;4;4;29;24;2;0;0;0;0;0;0;0;0;0;1057196861;1057196861;0.0;0.0;0.0;5.285984305E8;false;0;0;0;0;0;0;0;0;0;on idea 17 (by playerName3) (id=86): "" +2 by playerName3 (id=11) scores{ créativité 0.0 pertinence 7.0 persuasion 0.0 adaptation 4.666666666666666 };[]
12;43;14;63;77;18;4;49;0;0;0;0;0;0;0;0;0;0;0;0;0;0;0;0;0;0.0;0.0;0.0;0.0;0;43;16;414;1;1;0;1;0;0;0.0;0.0;1.0;1;2;2;7;42;2;0;0;0;0;0;0;0;0;0;1057196861;1057196861;0.0;0.0;0.0;5.285984305E8;false;0;0;0;0;0;0;0;0;0;on idea 17 (by playerName3) (id=86): "" +2 by playerName3 (id=11) scores{ créativité 0.0 pertinence 7.0 persuasion 0.0 adaptation 4.666666666666666 };[]
12;45;14;63;77;18;4;49;0;0;0;0;0;0;0;0;0;0;0;0;0;0;0;0;0;0.0;0.0;0.0;0.0;0;45;10;438;2;2;0;7;2;0;0.2857142857142857;0.0;0.7142857142857143;5;8;8;7;48;2;1;1;1;4;3;4;3;2;3;1057441971;1057441971;0.5;2.0;1.5;5.287209855E8;false;0;0;0;0;0;0;0;0;0;on idea 17 (by playerName3) (id=86): "" +2 by playerName3 (id=11) scores{ créativité 0.0 pertinence 7.0 persuasion 0.0 adaptation 4.666666666666666 };[]
12;46;14;63;77;18;4;49;0;0;0;0;0;0;0;0;0;0;0;0;0;0;0;0;0;0.0;0.0;0.0;0.0;0;46;7;438;3;3;0;5;2;0;0.4;0.0;0.6;5;11;11;7;71;2;0;0;0;1;1;1;1;1;1;1057555142;1057555142;0.0;0.5;0.5;5.28777571E8;false;0;0;0;0;0;0;0;0;0;on idea 17 (by playerName3) (id=86): "" +2 by playerName3 (id=11) scores{ créativité 0.0 pertinence 7.0 persuasion 0.0 adaptation 4.666666666666666 };[]
12;53;14;63;77;18;4;49;0;0;0;0;0;0;0;0;0;0;0;0;0;0;0;0;0;0.0;0.0;0.0;0.0;0;53;9;506;2;2;0;3;0;0;0.0;0.0;1.0;0;0;0;7;41;2;0;0;0;2;2;2;2;2;2;1057429189;1057429189;0.0;1.0;1.0;5.287145945E8;true;1;0;0;0;0;0;0;0;0;on idea 17 (by playerName3) (id=86): "" +2 by playerName3 (id=11) scores{ créativité 0.0 pertinence 7.0 persuasion 0.0 adaptation 4.666666666666666 };[]
12;56;14;63;77;18;4;49;0;0;0;0;0;0;0;0;0;0;0;0;0;0;0;0;0;0.0;0.0;0.0;0.0;0;56;12;516;1;1;0;2;0;0;0.0;0.0;1.0;1;2;2;10;46;2;0;0;0;0;0;0;0;0;0;1057196861;1057196861;0.0;0.0;0.0;5.285984305E8;false;0;0;0;0;0;0;0;0;0;on idea 17 (by playerName3) (id=86): "" +2 by playerName3 (id=11) scores{ créativité 0.0 pertinence 7.0 persuasion 0.0 adaptation 4.666666666666666 };[]
12;60;14;63;77;18;4;49;0;0;0;0;0;0;0;0;0;0;0;0;0;0;0;0;0;0.0;0.0;0.0;0.0;0;60;13;552;1;1;1;3;0;0;0.0;0.0;1.0;3;6;6;4;27;2;0;0;0;0;0;0;0;0;0;1057196861;1057196861;0.0;0.0;0.0;5.285984305E8;false;0;0;0;0;0;0;0;0;0;on idea 17 (by playerName3) (id=86): "" +2 by playerName3 (id=11) scores{ créativité 0.0 pertinence 7.0 persuasion 0.0 adaptation 4.666666666666666 };[]
12;66;14;63;77;18;4;49;0;0;0;0;0;0;0;0;0;0;0;0;0;0;0;0;0;0.0;0.0;0.0;0.0;0;66;9;630;2;2;0;3;0;0;0.0;0.0;1.0;2;9;9;7;36;2;0;0;0;2;2;2;2;2;2;1057429189;1057429189;0.0;1.0;1.0;5.287145945E8;true;1;0;0;0;0;0;0;0;0;on idea 17 (by playerName3) (id=86): "" +2 by playerName3 (id=11) scores{ créativité 0.0 pertinence 7.0 persuasion 0.0 adaptation 4.666666666666666 };[]
12;80;14;63;77;18;4;49;0;0;0;0;0;0;0;0;0;0;0;0;0;0;0;0;0;0.0;0.0;0.0;0.0;0;80;15;730;2;2;0;2;0;0;0.0;0.0;1.0;2;3;3;7;29;2;1;1;1;1;1;1;1;1;1;1057428892;1057428892;0.5;0.5;0.5;5.28714446E8;false;0;0;0;0;0;0;0;0;0;on idea 17 (by playerName3) (id=86): "" +2 by playerName3 (id=11) scores{ créativité 0.0 pertinence 7.0 persuasion 0.0 adaptation 4.666666666666666 };[[80]:[80:15:1:12]:[80:22:1:12]]
13;1;14;46;94;18;4;58;0;0;0;0;0;0;0;0;0;0;0;0;0;0;0;0;0;0.0;0.0;0.0;0.0;0;1;0;0;0;0;0;0;0;0;0.0;0.0;0.0;0;0;0;23;0;0;0;-1;0;0;-1;0;0;-1;0;-1;0;0.0;0.0;0.0;0.0;false;0;12;0;0;0;0;0;0;0;on Windows 7 (by Vincent) (id=95): "" +5 by Vincent (id=13) scores{ créativité 10.0 pertinence 0.0 persuasion 0.0 adaptation 0.0 };[]
13;20;14;46;94;18;4;58;0;0;0;0;0;0;0;0;0;0;0;0;0;0;0;0;0;0.0;0.0;0.0;0.0;0;20;13;232;1;1;1;2;1;0;0.5;0.0;0.5;2;6;6;9;76;2;0;0;0;0;0;0;0;0;0;1057196861;1057196861;0.0;0.0;0.0;5.285984305E8;false;0;1;0;0;0;0;0;0;0;on Windows 7 (by Vincent) (id=95): "" +5 by Vincent (id=13) scores{ créativité 10.0 pertinence 0.0 persuasion 0.0 adaptation 0.0 };[]
13;21;14;46;94;18;4;58;0;0;0;0;0;0;0;0;0;0;0;0;0;0;0;0;0;0.0;0.0;0.0;0.0;0;21;9;232;1;1;0;2;1;0;0.5;0.0;0.5;2;4;4;6;68;2;0;0;0;0;0;0;0;0;0;1057196861;1057196861;0.0;0.0;0.0;5.285984305E8;false;0;3;0;0;0;0;0;0;0;on Windows 7 (by Vincent) (id=95): "" +5 by Vincent (id=13) scores{ créativité 10.0 pertinence 0.0 persuasion 0.0 adaptation 0.0 };[]
13;22;14;46;94;18;4;58;0;0;0;0;0;0;0;0;0;0;0;0;0;0;0;0;0;0.0;0.0;0.0;0.0;0;22;7;245;1;1;1;5;0;0;0.0;0.0;1.0;4;9;9;18;74;2;0;0;0;0;0;0;0;0;0;1057196861;1057196861;0.0;0.0;0.0;5.285984305E8;false;0;1;0;0;0;0;0;0;0;on Windows 7 (by Vincent) (id=95): "" +5 by Vincent (id=13) scores{ créativité 10.0 pertinence 0.0 persuasion 0.0 adaptation 0.0 };[]
13;24;14;46;94;18;4;58;0;0;0;0;0;0;0;0;0;0;0;0;0;0;0;0;0;0.0;0.0;0.0;0.0;0;24;14;276;1;1;1;0;0;0;0.0;0.0;0.0;0;0;0;6;25;2;0;0;0;0;0;0;0;0;0;1057196861;1057196861;0.0;0.0;0.0;5.285984305E8;false;0;0;0;0;0;0;0;0;0;on Windows 7 (by Vincent) (id=95): "" +5 by Vincent (id=13) scores{ créativité 10.0 pertinence 0.0 persuasion 0.0 adaptation 0.0 };[]
13;28;14;46;94;18;4;58;0;0;0;0;0;0;0;0;0;0;0;0;0;0;0;0;0;0.0;0.0;0.0;0.0;0;28;17;299;1;1;1;4;0;0;0.0;0.0;1.0;4;9;9;6;50;2;0;0;0;0;0;0;0;0;0;1057196861;1057196861;0.0;0.0;0.0;5.285984305E8;false;0;0;0;0;0;0;0;0;0;on Windows 7 (by Vincent) (id=95): "" +5 by Vincent (id=13) scores{ créativité 10.0 pertinence 0.0 persuasion 0.0 adaptation 0.0 };[]
13;31;14;46;94;18;4;58;0;0;0;0;0;0;0;0;0;0;0;0;0;0;0;0;0;0.0;0.0;0.0;0.0;0;31;12;343;1;1;0;5;2;0;0.4;0.0;0.6;4;7;7;4;55;2;0;0;0;0;0;0;0;0;0;1057196861;1057196861;0.0;0.0;0.0;5.285984305E8;false;0;0;0;0;0;0;0;0;0;on Windows 7 (by Vincent) (id=95): "" +5 by Vincent (id=13) scores{ créativité 10.0 pertinence 0.0 persuasion 0.0 adaptation 0.0 };[]
13;32;14;46;94;18;4;58;0;0;0;0;0;0;0;0;0;0;0;0;0;0;0;0;0;0.0;0.0;0.0;0.0;0;32;13;345;1;1;1;3;2;0;0.6666666666666666;0.0;0.33333333333333337;3;3;3;15;56;2;0;0;0;0;0;0;0;0;0;1057196861;1057196861;0.0;0.0;0.0;5.285984305E8;false;0;0;0;0;0;0;0;0;0;on Windows 7 (by Vincent) (id=95): "" +5 by Vincent (id=13) scores{ créativité 10.0 pertinence 0.0 persuasion 0.0 adaptation 0.0 };[]
13;34;14;46;94;18;4;58;0;0;0;0;0;0;0;0;0;0;0;0;0;0;0;0;0;0.0;0.0;0.0;0.0;0;34;9;358;2;2;0;1;0;0;0.0;0.0;1.0;1;1;1;6;48;2;0;0;0;2;2;2;2;2;2;1057429189;1057429189;0.0;1.0;1.0;5.287145945E8;true;1;1;0;0;0;0;0;0;0;on Windows 7 (by Vincent) (id=95): "" +5 by Vincent (id=13) scores{ créativité 10.0 pertinence 0.0 persuasion 0.0 adaptation 0.0 };[]
13;36;14;46;94;18;4;58;0;0;0;0;0;0;0;0;0;0;0;0;0;0;0;0;0;0.0;0.0;0.0;0.0;0;36;17;373;1;1;1;1;0;0;0.0;0.0;1.0;0;0;0;6;19;2;0;0;0;0;0;0;0;0;0;1057196861;1057196861;0.0;0.0;0.0;5.285984305E8;false;0;0;0;0;0;0;0;0;0;on Windows 7 (by Vincent) (id=95): "" +5 by Vincent (id=13) scores{ créativité 10.0 pertinence 0.0 persuasion 0.0 adaptation 0.0 };[]
13;38;14;46;94;18;4;58;0;0;0;0;0;0;0;0;0;0;0;0;0;0;0;0;0;0.0;0.0;0.0;0.0;0;38;15;378;1;1;0;4;2;0;0.5;0.0;0.5;4;7;7;29;24;2;0;0;0;0;0;0;0;0;0;1057196861;1057196861;0.0;0.0;0.0;5.285984305E8;false;0;0;0;0;0;0;0;0;0;on Windows 7 (by Vincent) (id=95): "" +5 by Vincent (id=13) scores{ créativité 10.0 pertinence 0.0 persuasion 0.0 adaptation 0.0 };[]
13;43;14;46;94;18;4;58;0;0;0;0;0;0;0;0;0;0;0;0;0;0;0;0;0;0.0;0.0;0.0;0.0;0;43;16;414;1;1;0;1;0;0;0.0;0.0;1.0;1;2;2;7;42;2;0;0;0;0;0;0;0;0;0;1057196861;1057196861;0.0;0.0;0.0;5.285984305E8;false;0;0;0;0;0;0;0;0;0;on Windows 7 (by Vincent) (id=95): "" +5 by Vincent (id=13) scores{ créativité 10.0 pertinence 0.0 persuasion 0.0 adaptation 0.0 };[]
13;45;14;46;94;18;4;58;0;0;0;0;0;0;0;0;0;0;0;0;0;0;0;0;0;0.0;0.0;0.0;0.0;0;45;10;438;2;2;0;7;2;0;0.2857142857142857;0.0;0.7142857142857143;5;8;8;7;48;2;1;1;1;5;3;5;4;2;4;1057441971;1057441971;0.5;2.5;2.0;5.287209855E8;false;0;0;0;0;0;0;0;0;0;on Windows 7 (by Vincent) (id=95): "" +5 by Vincent (id=13) scores{ créativité 10.0 pertinence 0.0 persuasion 0.0 adaptation 0.0 };[]
13;46;14;46;94;18;4;58;0;0;0;0;0;0;0;0;0;0;0;0;0;0;0;0;0;0.0;0.0;0.0;0.0;0;46;7;438;3;3;0;6;2;0;0.3333333333333333;0.0;0.6666666666666667;6;12;12;7;71;2;0;0;0;1;1;1;1;1;1;1057555142;1057555142;0.0;0.5;0.5;5.28777571E8;false;0;0;0;0;0;0;0;0;0;on Windows 7 (by Vincent) (id=95): "" +5 by Vincent (id=13) scores{ créativité 10.0 pertinence 0.0 persuasion 0.0 adaptation 0.0 };[]
13;53;14;46;94;18;4;58;0;0;0;0;0;0;0;0;0;0;0;0;0;0;0;0;0;0.0;0.0;0.0;0.0;0;53;9;506;2;2;0;3;0;0;0.0;0.0;1.0;0;0;0;7;41;2;0;0;0;2;2;2;2;2;2;1057429189;1057429189;0.0;1.0;1.0;5.287145945E8;true;1;0;0;0;0;0;0;0;0;on Windows 7 (by Vincent) (id=95): "" +5 by Vincent (id=13) scores{ créativité 10.0 pertinence 0.0 persuasion 0.0 adaptation 0.0 };[]
13;56;14;46;94;18;4;58;0;0;0;0;0;0;0;0;0;0;0;0;0;0;0;0;0;0.0;0.0;0.0;0.0;0;56;12;516;1;1;0;2;0;0;0.0;0.0;1.0;1;2;2;10;46;2;0;0;0;0;0;0;0;0;0;1057196861;1057196861;0.0;0.0;0.0;5.285984305E8;false;0;0;0;0;0;0;0;0;0;on Windows 7 (by Vincent) (id=95): "" +5 by Vincent (id=13) scores{ créativité 10.0 pertinence 0.0 persuasion 0.0 adaptation 0.0 };[]
13;60;14;46;94;18;4;58;0;0;0;0;0;0;0;0;0;0;0;0;0;0;0;0;0;0.0;0.0;0.0;0.0;0;60;13;552;1;1;1;4;0;0;0.0;0.0;1.0;4;9;9;4;27;2;0;0;0;0;0;0;0;0;0;1057196861;1057196861;0.0;0.0;0.0;5.285984305E8;false;0;0;0;0;0;0;0;0;0;on Windows 7 (by Vincent) (id=95): "" +5 by Vincent (id=13) scores{ créativité 10.0 pertinence 0.0 persuasion 0.0 adaptation 0.0 };[]
13;66;14;46;94;18;4;58;0;0;0;0;0;0;0;0;0;0;0;0;0;0;0;0;0;0.0;0.0;0.0;0.0;0;66;9;630;2;2;0;4;0;0;0.0;0.0;1.0;3;10;10;7;36;2;0;0;0;2;2;2;2;2;2;1057429189;1057429189;0.0;1.0;1.0;5.287145945E8;true;1;0;0;0;0;0;0;0;0;on Windows 7 (by Vincent) (id=95): "" +5 by Vincent (id=13) scores{ créativité 10.0 pertinence 0.0 persuasion 0.0 adaptation 0.0 };[]
13;80;14;46;94;18;4;58;0;0;0;0;0;0;0;0;0;0;0;0;0;0;0;0;0;0.0;0.0;0.0;0.0;0;80;15;730;2;2;0;4;0;0;0.0;0.0;1.0;4;5;5;7;29;2;1;1;1;2;1;2;2;1;2;1057428892;1057428892;0.5;1.0;1.0;5.28714446E8;false;0;0;0;0;0;0;0;0;0;on Windows 7 (by Vincent) (id=95): "" +5 by Vincent (id=13) scores{ créativité 10.0 pertinence 0.0 persuasion 0.0 adaptation 0.0 };[]
